Dish Name,Category,Calories (kcal),Carbohydrates (g),Protein (g),Fats (g),Free Sugar (g),Fibre (g),Sodium (mg),Calcium (mg),Iron (mg),Vitamin C (mg),Folate (µg)
Gobhi,Dry Sabzis (Stir-Fries),278.29,3.59,0.56,29.11,0.29,0.57,69.22,12.37,0.3,27.52,37.66
Dum aloo,Dry Sabzis (Stir-Fries),682.33,3.33,0.7,74.01,0.71,0.68,183.85,16.49,0.36,29.39,34.41
Dahi aloo,Dry Sabzis (Stir-Fries),59.9,7.15,1.56,2.72,1.82,1.19,51.99,36.36,0.47,42.93,44.72
Aloo gobhi,Dry Sabzis (Stir-Fries),106.18,5.99,1.9,8.13,0.44,3.02,254.76,22.87,1.07,61.11,55.94
Aloo methi,Dry Sabzis (Stir-Fries),135.15,8.47,2.25,10.04,0.54,2.93,221.93,107.8,2.53,68.76,73.14
Aloo matar,Dry Sabzis (Stir-Fries),100.92,9.74,3.48,5.13,1.86,3.61,154.83,21.1,1.02,70.01,88.11
Aloo bonda,Dry Sabzis (Stir-Fries),632.84,4.53,1.09,67.8,0.27,0.83,132.53,6.79,0.37,8.96,16.02
Palak aloo,Dry Sabzis (Stir-Fries),57.17,5.91,1.63,2.82,0.93,2.04,62.46,43.67,1.59,78.73,242
Sookhe aloo,Dry Sabzis (Stir-Fries),103.15,14.38,1.62,4.18,0.33,1.88,199.99,17.2,0.83,23.23,15.7
Aloo pakoda,Dry Sabzis (Stir-Fries),677.19,6.04,1.9,71.84,0.22,1.03,63.38,6.59,0.38,18.53,109.12
Palak burfi,Dry Sabzis (Stir-Fries),121.17,12.76,2.71,6.81,12.12,1.17,27.77,93.68,1.05,8.57,39.63
Aloo canjee,Dry Sabzis (Stir-Fries),16.26,2.69,0.44,0.39,0.1,0.43,35.99,5.21,0.22,7.72,6.77
Palak pakoda,Dry Sabzis (Stir-Fries),712.62,4.68,1.96,76.38,0.2,1.02,69.54,10.99,0.52,12.12,153.51
Bhindi sabzi,Dry Sabzis (Stir-Fries),110.81,4.5,1.83,9.27,1.42,3.57,92.78,67.88,0.88,29.07,85.27
Papaya thoran,Dry Sabzis (Stir-Fries),132.75,5.58,1.54,11.42,3.82,4.31,270.56,33.74,0.82,25.38,43.68
Bharwa bhindi,Dry Sabzis (Stir-Fries),94.34,3.85,2.08,7.66,0.48,4.15,210.03,86.89,1.18,22.65,63.97
Matar ka soup,Dry Sabzis (Stir-Fries),39.81,3.63,11.06,12.9,0.87,2.49,10958.11,46.63,2.18,41.12,65.46
Palak ka soup,Dry Sabzis (Stir-Fries),32.59,3.03,10.54,14.26,0.29,1.98,12088.21,56.23,2.68,30.99,150.94
Aloo ki sabzi,Dry Sabzis (Stir-Fries),89.56,10.42,1.52,4.47,1.58,2.42,78.4,23.74,0.97,42.18,35.58
Karare bhindi,Dry Sabzis (Stir-Fries),657.76,4.35,1.91,70.4,0.26,1.75,40.42,27.61,0.56,18.14,90.04
Palak khichri,Dry Sabzis (Stir-Fries),102.18,17.35,3.43,1.91,0.21,1.56,69.59,10.43,0.65,3.03,28.15
Bharwa baingan,Dry Sabzis (Stir-Fries),93,3.96,1.53,7.73,0.92,4.09,212.88,24.37,0.75,1.13,17.11
Bharwa tamatar,Dry Sabzis (Stir-Fries),93.35,6.19,3.28,6.06,2.68,2.2,165.85,59.16,0.62,28.23,37.42
Matar mushroom,Dry Sabzis (Stir-Fries),93.3,7.41,3.87,5.16,1.82,3.86,155.48,22.7,0.97,58.44,84.49
Matar ki sabzi,Dry Sabzis (Stir-Fries),102.99,9.2,4.51,5.11,1.98,4.44,154.75,24.48,1.2,77.64,107.74
Sarson ka saag,Dry Sabzis (Stir-Fries),87.84,5.33,3,5.86,0.75,3.69,165.45,134.41,2.43,59.58,128.42
Aloo ka salaad,Dry Sabzis (Stir-Fries),89.91,11.19,1.4,4.4,3.94,1.32,125.01,25.61,0.99,58.78,52.72
Mushroom matar,Dry Sabzis (Stir-Fries),70.77,5.33,2.79,4.11,1.39,3.13,61.63,21.42,0.81,39.15,54.07
Palak mushroom,Dry Sabzis (Stir-Fries),47.63,2.95,1.94,2.96,1,2.27,70.97,49.75,1.69,60.21,232.9
Aloo ka achaar,Dry Sabzis (Stir-Fries),369.14,7.87,2.07,36.46,0.82,2.21,213.73,48.46,1.12,10.14,8.16
Tamatar ka soup,Dry Sabzis (Stir-Fries),80.07,3.45,4.79,12.22,1.44,1.96,5135.74,29.05,1.14,53.16,43.91
Kathal ki sabzi,Dry Sabzis (Stir-Fries),625.4,3.4,0.69,67.6,2.59,1.02,58.95,9.85,0.27,14.11,32.14
Aloo ka parantha,Dry Sabzis (Stir-Fries),205.04,23.92,3.7,10.22,1.15,4.18,127.2,17.38,1.52,7.98,14.96
Aloo bukhara jam,Dry Sabzis (Stir-Fries),178.89,46.2,0.31,0.19,45.25,1,2.67,7.5,0.2,,
Matar ka parantha,Dry Sabzis (Stir-Fries),190.73,21.51,5.59,8.8,1.29,5.61,109.99,23.49,1.78,17.8,33.64
Shimla mirch aloo,Dry Sabzis (Stir-Fries),125.53,8.72,1.41,9.33,0.54,2.02,277.92,16.45,0.86,81.26,39.8
Nutrinugget matar,Dry Sabzis (Stir-Fries),82.62,5.82,3.03,5.11,1.64,2.86,70.97,20.32,0.99,39.15,52.1
Baingan ka achaar,Dry Sabzis (Stir-Fries),139.01,4.23,2.24,12.98,1.07,4.62,3507.59,37.28,2.16,,
Baingan ka bhartha,Dry Sabzis (Stir-Fries),65.12,4.4,1.38,4.48,1.82,3.27,132.15,17.85,0.48,24.05,92.42
Vegetables stir fry,Dry Sabzis (Stir-Fries),30.78,3.19,1.04,1.47,0.86,1.37,55,13.3,0.34,38.17,61.93
Sabziyoon ka achaar,Dry Sabzis (Stir-Fries),211.2,7.48,1.9,19.68,2.77,2.76,2488.32,42.81,2.12,,
Pattagobhi aur matar,Dry Sabzis (Stir-Fries),63.88,6.24,3.24,2.64,0.97,3.99,253.73,45.5,1.1,54.84,75.95
Matar keema ki sabzi,Dry Sabzis (Stir-Fries),133,6.24,8.43,8.14,1.82,2.96,148.38,35.6,1.35,55.62,85.14
Matar baingan bhartha,Dry Sabzis (Stir-Fries),84.55,5.02,2.05,6.05,1.57,3.63,63.65,19.63,0.63,27.86,82.49
Palak mushroom bhurji,Dry Sabzis (Stir-Fries),158.85,0.59,13.28,11.51,0.1,0.39,227.97,140.31,1.6,2.27,54.24
Curry,Curries & Gravies,124.63,7.03,5.76,8.17,3.81,2.35,123.98,29.82,0.95,26.91,34.04
Egg nog,Curries & Gravies,97.14,8.15,4.78,5.11,8.06,0.02,40.65,102.13,0.43,4.82,41.91
Fish pie,Curries & Gravies,120.9,7.74,9.25,5.77,1.13,0.76,101.8,36.15,0.46,27.02,37.04
Fried egg,Curries & Gravies,223.67,0.31,11.59,19.62,0,0.29,446.96,46.4,1.69,0,24.77
Baked egg,Curries & Gravies,218.85,15.42,11.88,12.65,1.66,1.03,523.29,164.05,1.48,0,35.72
Fish orly,Curries & Gravies,563.7,4.27,5.87,58.18,0.24,0.33,136.37,9.55,0.31,1.35,12.83
Egg sauce,Curries & Gravies,146.85,5.88,5.97,11.08,3.19,0.12,51.54,89.49,0.65,,
Scotch egg,Curries & Gravies,676.89,1.91,4.05,72.62,0.3,0.36,90.67,15.03,0.6,2.59,30.63
Fish tikka,Curries & Gravies,117.33,3.91,16,4.15,1.18,1.18,503.44,31.98,1.41,0.9,4.62
Meat stock,Curries & Gravies,24.48,0,2.1,1.78,0,0,8.62,0.86,0.05,0,6
Anda curry,Curries & Gravies,117.52,4.03,5.38,8.81,1.9,2.09,142.12,41.59,1.52,19.03,44.73
Poached egg,Curries & Gravies,123.87,0.37,11.98,8.19,0.05,0.3,1163.07,48.24,1.75,0,24.77
Lobia curry,Curries & Gravies,148.99,17.88,6.06,5.62,2.51,4.57,355.41,36.8,2.21,15.13,86.78
Tomato fish,Curries & Gravies,489.79,3.18,2.39,51.91,1.35,0.72,91.47,6.46,0.24,75.09,76.88
Deviled egg,Curries & Gravies,98.56,2.23,4.97,7.72,0.82,1.15,117.29,36.84,1.51,18.42,48.39
Fish finger,Curries & Gravies,542.9,4.47,5.66,55.82,0.17,0.34,103.55,11.38,0.38,14.13,34.81
Masala arbi,Curries & Gravies,185.38,16.16,3.01,11.9,0.81,3.1,261.31,32.08,0.99,1.9,20.12
Paneer soup,Curries & Gravies,47.85,2.42,3.22,2.8,1.98,0.28,68.03,82.76,0.3,7.59,106.5
Matar paneer,Curries & Gravies,134.83,9.29,6.61,7.75,3.89,3.3,157.34,105.2,1.08,58.44,127.01
Paneer curry,Curries & Gravies,176.52,8.4,7.8,12.38,6.29,1.4,216.09,189.06,0.81,20.04,95.56
Palak paneer,Curries & Gravies,77.68,4.43,4.03,4.76,2.55,1.91,166.87,113.25,1.85,60.21,267.05
Shahi paneer,Curries & Gravies,156.5,6.64,5.06,12.34,5.01,1.4,215.35,125.38,0.62,30.83,78.58
Palak mutton,Curries & Gravies,80.32,3.45,5.74,4.71,1.42,2.23,121.1,96.88,2.38,88.11,391.34
Mutton chops,Curries & Gravies,663.64,1.48,4.03,71.31,0.42,0.17,51.03,36.18,0.64,3.75,16.68
Machli curry,Curries & Gravies,111.13,3.77,8.76,6.69,2.02,1.89,184.71,52.06,1.09,22.48,40.45
Chicken stew,Curries & Gravies,127.55,4.44,7.19,8.91,1.43,1.82,79.62,31.53,0.9,20.89,36.31
Mutton korma,Curries & Gravies,115.64,2.53,7.09,8.54,1.64,0.78,56.94,79.07,1.09,5.54,31.82
Fish souffle,Curries & Gravies,139.71,5.14,10.51,8.55,2.09,0.19,92.45,63.87,0.59,2.41,45.24
Garam masala,Curries & Gravies,254.21,26.2,9.89,10.97,1.79,35.56,58.33,609.77,14.51,,
Chicken stock,Curries & Gravies,29.88,0.37,3.69,1.51,0.2,0.1,58.58,3.57,0.18,0.84,10.19
Egg drop soup,Curries & Gravies,26.64,1.1,12.93,13.52,0.6,0.81,12418.84,100.14,3.93,8.51,28.19
Chilli paneer,Curries & Gravies,777.51,3.31,2.1,84.01,1.5,0.5,89.04,42.9,0.36,4.87,28.7
Kadhai paneer,Curries & Gravies,107.99,7.34,4.33,6.81,5.54,2.07,144.33,91.53,0.65,85.83,117.12
Mutton yakhni,Curries & Gravies,104.13,0.84,8.27,7.7,0.13,0.67,101.02,88.61,1.66,0.09,6.51
Chicken curry,Curries & Gravies,129.22,3.38,11.79,7.57,1.79,1.41,108,27.29,0.87,16.79,38.7
Chicken kebab,Curries & Gravies,729.41,1.11,3.71,78.89,0.24,0.21,69.76,3.46,0.28,0.41,3.83
Tandoori fish,Curries & Gravies,95.98,2.37,11.19,4.64,1.6,0.58,123.94,37.27,0.46,19.66,27.55
Nargisi kofta,Curries & Gravies,335.75,2.07,3.84,34.7,0.75,0.6,57.44,12.91,0.55,7.67,44.36
Roast chicken,Curries & Gravies,199.9,0.1,20.49,13.06,0.05,0.03,71.71,13.61,0.79,0.3,13.16
Chicken korma,Curries & Gravies,147.96,5.43,9.83,9.67,3.32,1.82,119.21,68.66,1.06,10.02,58.86
Handi chicken,Curries & Gravies,166.02,1.49,12.32,12.46,0.75,0.67,75.64,26.85,0.93,1.47,20.46
Lemon chicken,Curries & Gravies,169.79,0.55,20.2,9.66,0.16,0.16,79.93,17.4,0.95,8.94,31.21
Cajun chicken,Curries & Gravies,184.94,1.94,12.69,13.99,1.1,0.89,1740.13,156.98,0.53,45.44,44.55
Idli,Snacks & Breakfast,137.54,28.18,4.64,0.33,0.28,2.31,100.83,8,0.68,0,2.95
Poha,Snacks & Breakfast,294.53,35.05,6.09,14.14,0.87,3.72,377.1,37.67,3.01,6.62,11.96
Pizza,Snacks & Breakfast,146.77,9.94,6.85,8.72,1.38,1.71,225.02,77.23,0.66,42.9,87.58
Dhokla,Snacks & Breakfast,216.49,30.68,13.45,5.28,4.78,4.95,376.02,123.21,1.39,0.68,39.92
Dahi vadas,Snacks & Breakfast,667.73,5.49,2.96,70.4,1.78,0.97,79,49.03,0.49,0.57,18.3
Swiss roll,Snacks & Breakfast,251.87,48.34,7.3,3.77,32.96,0.55,51.9,24.11,1.19,0,14.36
Bread upma,Snacks & Breakfast,129.51,12.6,2.8,7.75,1.56,1.96,176.44,45.22,0.82,4.64,15.79
Plain dosa,Snacks & Breakfast,380.91,64.08,10.34,8.43,0.7,5.23,142.98,19.35,1.5,0,9.16
Jowar dosa,Snacks & Breakfast,294.35,40.53,8.5,10.28,0.59,5.56,97.25,19.46,2.03,0,9.63
Bread roll,Snacks & Breakfast,435.46,16.12,2.85,40.25,0.94,1.45,139.34,44.83,0.71,6.79,15.69
Masala dosa,Snacks & Breakfast,164.58,19.57,3.29,7.84,1.33,2.52,191.28,15.58,0.79,14.14,35.76
Masala vada,Snacks & Breakfast,826.02,4.06,1.69,89.15,0.24,1.07,74.53,7.45,0.52,2.05,32.14
Spring roll,Snacks & Breakfast,623.87,8.56,1.81,64.63,0.6,0.67,132.84,9.51,0.49,4.59,9.59
Fish pakora,Snacks & Breakfast,577.03,4.55,5.97,59.52,0.22,0.96,112.24,12.65,0.63,0.14,11.02
Anda cutlet,Snacks & Breakfast,575.02,5.77,2.45,60.25,0.2,0.58,79.4,16.22,0.56,11.07,22.05
Chat masala,Snacks & Breakfast,222.58,23.87,8.19,9.91,0.79,18.62,11873.64,519.5,13.27,,
Bread pakora,Snacks & Breakfast,710.99,8.87,2.57,74.2,0.46,1.11,101.49,19.83,0.46,0.01,114.11
Cheese pizza,Snacks & Breakfast,249.5,30.62,5.79,12.43,3.42,1.95,397.73,96.51,1.09,6.72,15.85
Instant idli,Snacks & Breakfast,247.29,43.4,9.16,3.61,3.35,7.13,1504.66,93.2,2.31,0.14,9.08
Sprouts upma,Snacks & Breakfast,316.25,44.96,9.5,10.44,1.67,7.16,147.82,36.78,2.76,0.48,26.63
Club sandwich,Snacks & Breakfast,235.32,18.51,7.31,15.12,2.01,1.81,461.66,115.68,0.86,6,17.42
Paneer pakora,Snacks & Breakfast,718.12,5.52,3.27,76.05,1.08,0.89,131.7,43.38,0.43,0.07,143.43
Chirwa cutlet,Snacks & Breakfast,701.71,7.39,1.76,73.89,0.27,0.86,76.65,9.17,0.59,12.63,23.98
Matar kachori,Snacks & Breakfast,584.68,13.25,3.21,57.51,0.5,2.03,55.45,14.25,0.77,10.11,16.43
Paneer cutlet,Snacks & Breakfast,672.2,7.62,4.59,69.38,2.52,0.39,91.45,107.86,0.48,1.81,38.34
Fish sandwich,Snacks & Breakfast,150.2,10.09,4.72,10.37,1.04,1.23,161.88,47.28,0.69,3.89,39.29
Khakhra chaat,Snacks & Breakfast,358.66,16.64,4.52,30.65,3.26,3.04,102.78,24.49,1.26,46.67,312.97
Poha aur dahi,Snacks & Breakfast,173.32,26.72,6.01,4.65,5.46,1.09,325.07,140.9,1.61,,
Aloo ka samosa,Snacks & Breakfast,577.39,9.21,1.71,59.19,0.29,1.19,77.1,7.63,0.5,11.27,12.8
Khasta kachori,Snacks & Breakfast,712.73,12.81,2.51,72.27,0.34,0.97,90.56,7.84,0.59,0.86,6.38
Soyabean tikki,Snacks & Breakfast,698.17,4.39,3.53,74.02,0.35,2.2,88.72,29.23,1.04,6.71,57.9
Vegetable upma,Snacks & Breakfast,146.47,16.46,4.73,6.63,1.39,4.19,347.02,26.68,1.35,14.42,50.48
Vegetable poha,Snacks & Breakfast,180.52,21.52,4.89,8.07,1.4,3.76,418.02,28.01,1.92,7.21,21.79
Chicken pakora,Snacks & Breakfast,590.09,4.55,6.03,60.98,0.22,0.96,103.23,9.08,0.51,0.14,11.46
Poshtik cutlet,Snacks & Breakfast,496.45,7.39,2,50.94,0.32,1.35,57.11,14.94,0.69,16.42,43.66
Instant dhokla,Snacks & Breakfast,207.11,24.11,7.66,9.37,6.86,3.57,763.98,66.58,1.05,2.7,22.87
Prawn sandwich,Snacks & Breakfast,169.65,11.89,10.36,9.27,1.21,1.55,213.38,75.53,1.11,12.57,50.99
Salami sandwich,Snacks & Breakfast,255.59,21.54,8.7,15.51,2,1.97,662.75,73.54,1.11,1.25,12.65
Keema ka samosa,Snacks & Breakfast,620.99,6.14,4.43,64.26,0.5,0.39,88.64,6.7,0.55,0.82,4.62
Suji gajar vada,Snacks & Breakfast,699.53,6.52,1.56,74.07,1.21,1.07,73.17,26.47,0.36,0.95,9.36
Vermicelli upma,Snacks & Breakfast,149.11,16.88,3.11,7.45,1.4,3.21,101.8,20.3,0.93,4.64,12.64
Sabudana cutlet,Snacks & Breakfast,558.76,11.23,0.56,56.97,0.1,0.54,48.17,5.43,0.38,13.39,9.09
Rolled sandwich,Snacks & Breakfast,293.07,34.69,6.45,15.29,2.7,2.07,321.57,117.68,1.23,0.91,5.61
Ribbon sandwich,Snacks & Breakfast,239.26,24.76,6.26,13.37,4.66,2.92,382.11,157.85,1.05,4.55,10.44
Moong bean dosa,Snacks & Breakfast,285.96,31.91,12.32,11.67,2.9,6.04,61.36,36.44,3.38,1.48,14.32
Naan,Breads (Rotis & Parathas),286.45,51.75,8.05,4.99,5.59,1.91,326.11,88.01,1.29,0.23,7.56
Poori,Breads (Rotis & Parathas),737.63,8.22,1.35,77.61,0.23,1.46,31.73,3.98,0.6,0,4.68
Chapati,Breads (Rotis & Parathas),202.31,35.65,5.88,3.56,1,6.31,1.16,17.22,2.28,0,5.84
Bhatura,Breads (Rotis & Parathas),793.2,10.73,1.63,82.56,0.69,0.38,28.3,12.12,0.33,0.05,4.15
Soya roti,Breads (Rotis & Parathas),283.96,40.03,9.18,9.23,1.58,8.71,155.93,53.42,3.85,4.04,35.91
Bhel puri,Breads (Rotis & Parathas),509.89,16.47,3.52,47.91,3.41,2.24,93.98,24.22,1.29,31.61,157.03
Palak poori,Breads (Rotis & Parathas),684.25,7.76,1.42,71.86,0.24,1.55,35.47,10.02,0.79,3.03,18.9
Methi poori,Breads (Rotis & Parathas),710.02,7.98,1.45,74.6,0.26,1.61,35.37,14.61,0.81,2.91,8.47
Besan poori,Breads (Rotis & Parathas),697.66,10.93,2.59,71.51,0.35,1.94,58.33,7.09,0.71,0,11.18
Meethi poori,Breads (Rotis & Parathas),782.75,14.26,2.12,79.63,7.15,1.54,2.57,34.24,1.13,0,18.38
Bathua poori,Breads (Rotis & Parathas),598.79,13.85,2.35,59.14,0.41,1.87,49.71,30.83,0.96,4.56,8.77
Methi thepla,Breads (Rotis & Parathas),346.16,41.34,8.98,15.95,2.98,7.56,543.27,73.51,4.52,1.06,15.26
Aloo ki poori,Breads (Rotis & Parathas),776.74,9.4,1.52,81.35,0.26,1.64,69.86,5.57,0.7,1.39,5.63
Makki ki roti,Breads (Rotis & Parathas),263.97,24.19,3.49,16.85,0.7,5.19,236.22,14.76,1.11,1.99,10.72
Paushtik roti,Breads (Rotis & Parathas),149.26,26.59,7.17,1.51,2.03,5.74,170.96,52.74,2.62,6.65,42.1
Matar ki poori,Breads (Rotis & Parathas),592.83,14.92,3.04,57.69,0.48,2.25,47.77,8.96,0.84,4.61,10.21
Dal stuffed poori,Breads (Rotis & Parathas),785.16,10.14,2.08,81.69,0.29,1.96,128.18,6.88,0.83,0.42,7.65
Chukandar ki poori,Breads (Rotis & Parathas),527.66,12.29,1.91,52.18,0.54,1.4,46.48,5.38,0.6,0.29,9.45
Moong dal ka cheela,Breads (Rotis & Parathas),154.89,19.42,6.97,5.11,1.11,4.25,267.23,39.34,2.22,34.81,79.95
Paneer stuffed cheela,Breads (Rotis & Parathas),205.19,19.16,11.44,8.89,3.81,4.03,289.1,151.3,2.41,19.76,116.52
Chawal aur moong dal ka cheela,Breads (Rotis & Parathas),798.26,11.13,2.74,82.44,0.15,1.18,142.82,4.99,0.51,0,12.8
Dalma,Dals & Lentils,118.93,15.04,4.91,4.58,3.1,2.16,49.35,54.28,2.1,36.63,137.41
Sambar,Dals & Lentils,96.92,10.57,3.35,4.38,3.31,3.52,159.54,30.24,1.24,20.35,68.19
Mixed dal,Dals & Lentils,61.93,5.79,2.51,3.1,0.34,1.62,141.36,11,0.78,1.1,40.35
Dal moong,Dals & Lentils,43.69,4.92,2.2,1.62,0.13,1.08,117.74,7.69,0.52,,
Khatti dal,Dals & Lentils,34.79,6.04,2.22,0.12,1.25,1.22,115.6,8.29,0.85,1.88,22.49
Puli rasam,Dals & Lentils,26.74,3.37,1.13,0.88,0.83,1.6,104.11,16.56,0.59,17.27,28.68
Channa dal,Dals & Lentils,99.67,9.99,4.15,4.62,0.98,3.72,46.4,21.99,1.92,13.38,103.45
Kulthi dal,Dals & Lentils,55.65,8.21,2.91,1.13,0.72,1.52,63.63,38.22,1.3,13.98,86.1
Dal dhokli,Dals & Lentils,68.74,8.55,2.96,2.47,1.12,1.86,37.53,14.54,0.79,2.77,45.31
Lentil soup,Dals & Lentils,31.17,3.94,9.65,11.68,1.06,2.57,10418.84,40.57,2.26,17.9,34.92
Moth ki dal,Dals & Lentils,55,5.74,2.01,2.62,0.66,1.85,125.08,18.98,0.95,11.04,116.57
Urad ki dal,Dals & Lentils,53.8,5.05,2.21,2.62,0.57,2.32,126.12,13.07,0.78,10.28,51.6
Dal makhani,Dals & Lentils,74.04,7.96,3.32,3.06,0.8,2.27,41.85,20.62,1.23,9.19,75.16
Dal parantha,Dals & Lentils,268.24,30.03,6.78,13.05,1.43,6.46,156.13,23.89,2.45,1.8,29.02
Moong ki dal,Dals & Lentils,53.7,5.22,2.25,2.56,0.59,2.02,123.86,13.58,0.68,11.04,55.37
Rajmah curry,Dals & Lentils,143.73,16.38,5.95,5.77,2.49,5.83,354.6,47.87,2.27,16.33,112.28
Panchmel dal,Dals & Lentils,111.22,10.71,4.63,5.36,0.75,3.2,79.46,23.05,1.42,8.49,79.58
Rasam masala,Dals & Lentils,267.96,25.19,12.04,11.8,1.91,35.71,38.78,562.15,14.72,,
Meetha daliya,Dals & Lentils,81.57,8.87,2.64,4.08,5.12,0.62,15.89,75.88,0.32,5.03,17.58
Masoor ki dal,Dals & Lentils,54.05,5.37,2.28,2.52,0.67,1.98,123.72,12.2,0.95,11.04,48.17
Dalia khichri,Dals & Lentils,167.45,22.35,7.56,5.52,3.79,3.74,224.95,123.04,2.17,,
Sambar masala,Dals & Lentils,297.46,23.38,12.5,15.58,1.87,34.56,27.66,439.95,12.63,,
Atta dal burfi,Dals & Lentils,298.8,40.64,6.66,12.47,21.08,4.08,3.56,17.07,1.56,0,9.07
Namkeen daliya,Dals & Lentils,295.11,49.32,8.29,7.99,0.82,8.57,149.63,35.98,2.99,6.88,6.32
Nimmakaya rasam,Dals & Lentils,24.41,2.85,1.11,0.87,0.44,1.54,102.77,15.56,0.52,19.71,28.91
Channa dal burfi,Dals & Lentils,287.36,54.63,4.65,7.09,43.38,2.06,2.53,16.44,0.62,0.6,24.28
Dhuli urad ki dal,Dals & Lentils,61.32,5.84,2.51,2.98,0.32,1.53,142.21,10.24,0.72,0.99,30.4
Dal suji porridge,Dals & Lentils,117.29,23.19,3.26,1.06,13.84,1.44,9.64,44.74,1.22,0.8,21.48
Maa chaane ki dal,Dals & Lentils,344.67,43.11,19.8,9.5,1.05,13.45,43.31,68.65,5.97,1.43,102.41
Moong dal mixture,Dals & Lentils,158.84,33.93,4.62,1,24.68,1.9,29.6,70.53,1.25,,
Rice upma,Rice & Biryanis,151.27,17.96,2.63,7.46,1.13,2.12,101.75,17.57,0.67,4.64,11.94
Puffed rice,Rice & Biryanis,113.32,15.67,3.62,4.04,7.31,0.28,22.52,103.79,0.63,4.82,16.87
Uble chawal,Rice & Biryanis,117.19,25.72,2.6,0.18,0.22,1.25,1.05,2.7,0.24,0,9.75
Plain pulao,Rice & Biryanis,140.21,21.82,2.34,4.62,1.15,1.69,193.76,12.76,0.41,3.42,22.63
Matar pulao,Rice & Biryanis,108.87,18.42,3.89,1.9,1.3,3.21,86.18,18.18,0.78,62.36,110.56
Paneer pulao,Rice & Biryanis,581.91,8.76,1.98,59.81,1.11,0.62,72.28,33.09,0.26,3.42,69.28
Peanut pulao,Rice & Biryanis,193.28,21.18,5.32,9.51,1.6,2.9,168.4,18.52,0.83,3.42,68.06
Spanish rice,Rice & Biryanis,164.24,31.1,4.19,2.23,1.26,2.78,96.61,18.93,0.92,48.66,54.48
Mutton pulao,Rice & Biryanis,130.77,11.26,6.52,10.78,1,1.65,3115.59,49.87,1.25,4.47,39.34
Mexican rice,Rice & Biryanis,120.57,14.21,4.62,4.88,1.44,1.64,93.42,14.51,0.55,42.71,53.09
Rice murukku,Rice & Biryanis,593.99,33.29,5.41,48.22,0.17,2.18,63.31,24.63,1.7,0,8.2
Choliya pulao,Rice & Biryanis,173.43,27.57,4.88,4.82,2.48,3.15,170.05,18.94,0.95,5.43,301.13
Meethe chawal,Rice & Biryanis,215.41,42.59,2.1,4.57,24.8,1.13,3.2,11.38,0.34,0.21,10.65
Chicken pulao,Rice & Biryanis,108.24,11.17,6.07,8.48,0.99,1.64,3093.47,32.25,0.98,4.47,38.7
Mushroom pulao,Rice & Biryanis,124.29,19.02,2.52,4.03,1,1.88,222.36,13.54,0.39,3.42,26.77
Navratan pulao,Rice & Biryanis,261.71,36.98,6.2,9.45,2.52,3.82,334.26,59.61,1.1,12.89,46.97
Mutton biryani,Rice & Biryanis,190.76,22.5,7.38,7.72,2.39,2.42,262.64,68.58,1.29,10.28,30.07
Quinoa khichdi,Rice & Biryanis,64.01,8.83,3.18,1.59,0.69,2.58,69.64,24.59,1.12,9.13,82.57
Poshtik khichdi,Rice & Biryanis,93.37,15.64,3.04,1.88,0.26,2,41.67,30.41,1,25.77,65.43
Vegetable biryani,Rice & Biryanis,174.61,18.56,3.16,9.51,2.14,3.31,183.79,33.52,0.86,39.35,77.54
Vegetable khichdi,Rice & Biryanis,143.17,19.57,5.61,4.53,3.71,2.45,193.55,100.54,1.09,,
Chinese fried rice,Rice & Biryanis,120.58,13.4,4.05,5.43,1.47,2.31,248.36,34.7,0.99,67.39,136.83
Kale chane ka pulao,Rice & Biryanis,125.51,21.55,3.44,2.58,1.99,2.69,103.09,16.51,0.77,8.11,88.34
Sprouted moong pulao,Rice & Biryanis,112.97,17.49,2.19,3.61,1.43,1.78,153.16,16.26,0.65,7.53,43.15
Mixed vegetable pulao,Rice & Biryanis,113.05,17.49,2.72,3.33,1.35,2.67,187.92,19.61,0.6,26.15,80.63
Chawal dal ki khichdi,Rice & Biryanis,383.33,65.04,10.8,8.33,26.54,4.51,12.33,50.46,2.76,0,11.87
Channa dal and vegetable pulao,Rice & Biryanis,116.53,19.72,3.6,2.3,1.59,3.16,98.07,19.09,0.82,27.07,104.21
Rice flakes and roasted channa,Rice & Biryanis,333.4,71.94,10.57,2.94,1.31,8.84,205.51,17.23,4.51,,
Cereal pulse mix with amylase rice flour,Rice & Biryanis,151.57,27.8,4.27,2.74,8.84,3.47,1.03,12.61,1.19,0,18.71
Pancake,Sweets & Desserts,203.36,20.49,5.68,10.82,3.32,0.65,143.7,79.49,0.69,0.5,5.43
Rasgulla,Sweets & Desserts,118.64,25.79,1.38,1.75,25.4,0.01,15.19,57.09,0.12,2.69,10.2
Ragi cake,Sweets & Desserts,279.46,38.93,3.96,12.27,24.76,2.35,98.26,118.38,1.35,0.76,11.41
Khoa ladoo,Sweets & Desserts,396.02,34.43,12.21,24.09,33.37,3.08,31.71,358.61,2.25,0.02,27.31
Lemon cake,Sweets & Desserts,373.85,43.1,5.29,20.63,25.84,0.62,151.29,32.77,0.91,2.44,9
Wheat cake,Sweets & Desserts,314.63,41.13,4.79,14.95,25.79,2.76,82.96,98.91,1.08,0.76,7.6
Honey cake,Sweets & Desserts,333.59,49.04,3.08,14.7,33.43,0.51,72.55,50.86,0.46,0.53,10.06
Besan ladoo,Sweets & Desserts,476.91,62.61,8.93,22.76,37.76,4.43,5.48,25.35,1.51,0,24.79
Seb ka cake,Sweets & Desserts,290.08,39.48,4.94,12.87,23.52,1.22,136.95,38.99,0.9,1.16,9.32
Marble cake,Sweets & Desserts,354.11,46.88,6.3,16.27,27.56,0.71,138.48,39.6,1.12,0.08,8.85
Orange cake,Sweets & Desserts,357.61,48.28,6.1,16.21,28.38,0.83,105.41,29.72,1.06,1.88,9.25
Bajra ladoo,Sweets & Desserts,319.66,50.98,9.61,8.06,27.44,6,12.26,118.74,4.72,0,19.1
Dundee cake,Sweets & Desserts,396.62,41.4,7.78,22.7,21.3,1.81,182.74,58.11,1.57,0.07,9.22
Soya chikki,Sweets & Desserts,423.7,62.89,7.18,15.51,45.47,3.55,17.24,81.25,4.47,0,36.21
Besan halwa,Sweets & Desserts,276.79,25.78,5.88,17.3,15.83,1.82,15.4,77.42,0.67,1.66,51.61
Sponge cake,Sweets & Desserts,253.77,44.63,9.18,4.74,26.33,0.69,64.61,30.22,1.47,,
Sweet dalia,Sweets & Desserts,140.66,23.77,5.11,2.79,12.23,2.37,24.63,99.18,1.98,,
Paneer kheer,Sweets & Desserts,105.31,10.03,4.53,5.37,9.87,0.07,23.81,144.66,0.26,5.06,41.81
Til ke ladoo,Sweets & Desserts,396.96,43.5,10.7,19.64,38.63,7.72,18.55,631.82,8.94,0,18.17
Kele ka cake,Sweets & Desserts,389.51,40,5.77,23.31,23.04,1.14,117.81,23.55,1.14,0.98,11.33
Eggless cake,Sweets & Desserts,318.08,46.14,8.12,11.75,27.7,0.68,310.5,212.97,0.61,1.35,7.58
Seb ki kheer,Sweets & Desserts,81.3,11.34,2.14,3.18,10.71,0.51,15.86,75.67,0.18,5.82,16.4
Keema pancake,Sweets & Desserts,176.27,9.56,9.01,11.25,2.2,0.84,125.4,40.96,0.93,4.64,12.23
Makhana kheer,Sweets & Desserts,107.85,12.88,3.31,5,11.54,0.11,23.4,111.64,0.28,5.06,23.77
Suji ka halwa,Sweets & Desserts,225.65,24.67,2.16,13.38,13.98,1.86,1.28,11.77,0.65,0.05,7.96
Ande ka halwa,Sweets & Desserts,299.74,39.59,7.85,13.41,37.85,0.49,83.04,35.77,1.45,0,24.67
Aloo ka halwa,Sweets & Desserts,151.66,29.18,1.53,3.48,17.42,1.64,4.23,14.15,0.63,28.98,20.72
Rajgira ladoo,Sweets & Desserts,454.15,51.33,10.12,22.7,19.92,5.11,7.51,144.58,6.47,0.03,9.52
Gajar ka cake,Sweets & Desserts,255.59,35.98,5.6,10.27,23.96,2.93,158.74,156.1,1.03,3.12,17.06
Gajar ki kheer,Sweets & Desserts,85.35,10.09,2.81,3.85,9.63,0.73,28.54,100.12,0.28,6.54,24.59
Kale salad,Sides & Accompaniments,177.71,5.01,4.86,15.33,3.31,1.36,292.04,109.11,1.3,30.49,35.39
Pasta salad,Sides & Accompaniments,190.36,12.7,4.15,13.92,2.6,0.96,152.31,66.74,0.81,38.78,56.54
Mesu pickle,Sides & Accompaniments,59.83,1.73,1.58,5.59,0.29,2.24,161.31,16.62,0.69,19.87,23.14
Hawain salad,Sides & Accompaniments,175.23,14.35,4.27,11.37,5.24,3.93,64.92,61.03,1.12,51.75,123.62
Tossed salad,Sides & Accompaniments,62.96,4.95,1.02,4.22,1.56,2.15,77.5,32.37,0.86,85.7,99.67
Boondi raita,Sides & Accompaniments,687.72,3.96,2.19,73.83,1.88,0.46,99.18,49,0.24,0.77,37.83
Meetha raita,Sides & Accompaniments,99.24,17.93,3.24,1.78,15.36,1.02,42.98,108.91,0.21,5.2,24.9
Bathua raita,Sides & Accompaniments,54.4,5.31,4.13,1.76,4.11,2.19,110.92,206.31,1.46,43.65,61.2
Aam ka raita,Sides & Accompaniments,67.37,8.23,3.9,2.14,7.87,0.89,135.46,136.06,0.34,18.19,59.64
Amla chutney,Sides & Accompaniments,43.02,8.83,1.44,0.62,0.06,4.58,215.09,46.4,1.22,4.84,2.23
Russian salad,Sides & Accompaniments,114.83,6.5,4.26,7.84,1.66,2.57,101.09,34.92,1.23,49.56,104.32
Aloo ka raita,Sides & Accompaniments,75.38,10.24,4.22,2.04,5.08,0.75,183.37,132.31,0.34,15.33,27.03
Kele ka raita,Sides & Accompaniments,89.03,13.51,4.13,2.07,10.11,1,135.43,133.23,0.31,5.73,27.58
Chicken salad,Sides & Accompaniments,338.19,1.3,15.33,30.26,0.96,2,50.62,43.19,1.23,4.92,35.5
Green chutney,Sides & Accompaniments,79.42,10.01,5.42,1.6,0.92,5.84,262.81,112.74,4.58,7.35,15.53
Waldroff salad,Sides & Accompaniments,141.75,11.02,1.47,10.05,8.23,1.87,13.42,29.29,1.07,21.43,40.62
Gajar ka raita,Sides & Accompaniments,64.78,7.19,4.14,2.19,5.99,1.69,274.46,146.72,0.55,7.76,32
Kaddu ka raita,Sides & Accompaniments,55.6,6.02,3.74,1.88,5.48,1.04,129.14,130.11,0.33,7.11,31.7
Palak ka raita,Sides & Accompaniments,52.75,5.06,3.95,1.86,3.97,1.39,126.57,142.96,1.61,32.9,160.65
Macaroni salad,Sides & Accompaniments,262.19,21.63,5.02,17.78,3.73,0.56,163.99,35.7,0.77,22.15,34.69
Anaar ka raita,Sides & Accompaniments,72.64,7.15,4.05,3.24,7.01,0.6,195.18,138.31,0.25,4.6,23.86
Pyaaz ka raita,Sides & Accompaniments,71.56,7.86,4.86,2.43,7.07,0.65,189.96,163.8,0.3,8.44,32.13
Ananas ka raita,Sides & Accompaniments,67.74,8.62,3.9,2.02,8.12,1.39,135.48,134.53,0.27,19.89,27.72
Angoor ka raita,Sides & Accompaniments,72.59,9.66,3.98,2.07,8.51,0.71,135.64,134.52,0.26,10.55,22.88
Pickled cabbage,Sides & Accompaniments,13.69,2.56,0.39,0.14,2.08,0.61,121.39,15.96,0.19,16.63,23.56
Lassi,Beverages,18.84,1.86,1.35,0.72,1.84,0.02,65.4,47.78,0.04,1.02,18.07
Steamed,Beverages,121.58,15.02,4.97,4.87,14.98,0,43.57,88.12,0.51,3.02,35.21
Iced tea,Beverages,10.34,2.7,0.03,0.01,2.7,0,0.23,1.18,0.02,5.95,1.28
Aam panna,Beverages,35.92,9.05,0.16,0.03,7.49,0.61,79.82,7.08,0.14,45.3,14.05
Milk cake,Beverages,127.41,9.13,3.01,8.93,8.9,0.06,24.97,104.94,0.2,8,18.19
Garam chai,Beverages,16.14,2.58,0.39,0.53,2.58,0,3.12,14.2,0.02,0.5,1.8
Cold coffee,Beverages,82.76,11.98,1.93,3.29,11.91,0,15.35,64.43,0.14,2.56,9.52
Sattu drink,Beverages,23.38,5.16,0.56,0.14,3.96,0.4,12.65,1.59,0.17,0,25.48
Meethi lassi,Beverages,35.66,6.51,1.29,0.68,6.51,0,18.31,45.65,0.03,1,18
Coffee drops,Beverages,443.07,43.06,7.57,27.16,18.27,1.88,88.17,57.09,1.48,0.03,2.72
Milk cookies,Beverages,459.43,48.43,10.49,24.96,22.06,0.99,156.53,251.59,0.75,2.03,19.54
Lichi squash,Beverages,198.33,51.96,0.3,0.08,51.31,0.41,14.56,6.39,0.34,,
Mango milkshake,Beverages,56.9,7.23,1.73,2.35,7.15,0.26,13.27,62.33,0.15,20.1,53.68
Orange gateau,Beverages,178.05,27.01,4.78,6.02,18.33,0.68,80.41,41.69,0.89,10.49,15.12
Aam ka squash,Beverages,194.66,50.96,0.17,0.17,50.84,0.58,14.81,9.47,0.25,,
Instant coffee,Beverages,23.16,3.65,0.64,0.75,3.62,0,4.92,20.87,0.06,1.51,5.6
Espreso coffee,Beverages,51.54,6.62,1.75,2.14,6.53,0,13.98,58.1,0.15,1.51,5.53
Banana milkshake,Beverages,65.31,9.15,1.84,2.37,7.96,0.26,13.61,62.64,0.13,6.84,19.83
Coffee biscuit,Beverages,416.57,46.55,6.9,23,21.69,1.59,112.53,48.92,1.27,0.03,3
